feature,importance_mean,importance_std
PathLength,0.24829829520982077,0.008113708546428955
URLLength,0.06522430502451049,0.0007972285882048569
NoOfDigitsInURL,0.05585255346687307,0.0036228830801796064
DotCount,0.04521660374462133,0.00023267115445702036
HasSuspiciousTLD,0.02863251778197884,0.00020043496406130235
IsTrustedTLD,0.016335255370812096,0.0011486245746212265
NoOfHyphenInURL,0.007937716449467447,0.0025931281427943875
URLEntropy,0.005990873667365781,0.002530683136801548
NoOfLettersInURL,0.004494130267698182,0.002648613831189084
LetterRatioInURL,0.002751315391563147,0.0010595453814095102
QueryLength,0.0017177641130765031,0.002164883901679737
HasSuspiciousToken,0.0003514944643786544,0.0009021832246836059
SubdomainDepth,8.795558970886574e-05,2.8556415608171903e-05
HasObfuscation,0.0,0.0
URLPercentEncodingCount,0.0,0.0
NoOfUnderscoreInURL,0.0,0.0
PathSegmentCount,0.0,0.0
QueryParameterCount,0.0,0.0
NoOfEqualsInURL,0.0,0.0
NoOfAmpersandInURL,0.0,0.0
NoOfQMarkInURL,0.0,0.0
IsShortened,0.0,0.0
IsDomainIP,0.0,0.0
HasPort,0.0,0.0
NoOfAtInURL,0.0,0.0
HasUserInfo,0.0,0.0
FragmentLength,-0.00020317688464616124,7.395533795256926e-05
HostnameLength,-0.0003106497389069318,3.522181914050737e-05
DigitRatioInURL,-0.00037793212154857425,7.013464617200427e-05
